<?xml version="1.0"?>
<concrete5-cif version="1.0">
    <attributecategories>
        <category handle="collection" allow-sets="1" package=""/>
        <category handle="user" allow-sets="1" package=""/>
        <category handle="file" allow-sets="1" package=""/>
    </attributecategories>
    <attributetypes>
        <attributetype handle="text" name="テキスト" package="">
            <categories>
                <category handle="collection"/>
                <category handle="user"/>
                <category handle="file"/>
            </categories>
        </attributetype>
        <attributetype handle="textarea" name="テキストエリア" package="">
            <categories>
                <category handle="collection"/>
                <category handle="user"/>
                <category handle="file"/>
            </categories>
        </attributetype>
        <attributetype handle="boolean" name="真偽値" package="">
            <categories>
                <category handle="collection"/>
                <category handle="user"/>
                <category handle="file"/>
            </categories>
        </attributetype>
        <attributetype handle="date_time" name="日付" package="">
            <categories>
                <category handle="collection"/>
                <category handle="user"/>
                <category handle="file"/>
            </categories>
        </attributetype>
        <attributetype handle="image_file" name="画像ファイル" package="">
            <categories>
                <category handle="collection"/>
            </categories>
        </attributetype>
        <attributetype handle="number" name="数字" package="">
            <categories>
                <category handle="collection"/>
                <category handle="user"/>
                <category handle="file"/>
            </categories>
        </attributetype>
        <attributetype handle="rating" name="評価" package="">
            <categories>
                <category handle="collection"/>
                <category handle="file"/>
            </categories>
        </attributetype>
        <attributetype handle="select" name="選択" package="">
            <categories>
                <category handle="collection"/>
                <category handle="user"/>
                <category handle="file"/>
            </categories>
        </attributetype>
        <attributetype handle="address" name="住所" package="">
            <categories>
                <category handle="user"/>
            </categories>
        </attributetype>
    </attributetypes>
    <attributekeys>
        <attributekey handle="meta_title" name="Metaタグタイトル" package="" searchable="1" indexed="1" type="text" category="collection"/>
        <attributekey handle="meta_description" name="Metaタグ説明" package="" searchable="1" indexed="1" type="textarea" category="collection">
            <type mode=""/>
        </attributekey>
        <attributekey handle="meta_keywords" name="Metaタグキーワード" package="" searchable="1" indexed="1" type="textarea" category="collection">
            <type mode=""/>
        </attributekey>
        <attributekey handle="exclude_nav" name="オートナビから除く" package="" searchable="1" indexed="1" type="boolean" category="collection">
            <type checked=""/>
        </attributekey>
        <attributekey handle="exclude_page_list" name="ページリストから除く" package="" searchable="1" indexed="1" type="boolean" category="collection">
            <type checked=""/>
        </attributekey>
        <attributekey handle="header_extra_content" name="追加ヘッダー要素" package="" searchable="1" indexed="1" type="textarea" category="collection">
            <type mode=""/>
        </attributekey>
        <attributekey handle="exclude_search_index" name="検索インデックスから除く" package="" searchable="1" indexed="1" type="boolean" category="collection">
            <type checked=""/>
        </attributekey>
        <attributekey handle="exclude_sitemapxml" name="sitemap.xmlから除く" package="" searchable="1" indexed="1" type="boolean" category="collection">
            <type checked=""/>
        </attributekey>
        <attributekey handle="profile_private_messages_enabled" name="プライベートメッセージを受信する" package="" searchable="1" indexed="1" type="boolean" category="user" profile-displayed="0" profile-editable="1" profile-required="0" register-editable="1" register-required="0" member-list-displayed="0">
            <type checked="1"/>
        </attributekey>
        <attributekey handle="profile_private_messages_notification_enabled" name="プライベートメッセージを受信した際に通知をEメールで受け取る" package="" searchable="1" indexed="1" type="boolean" category="user" profile-displayed="0" profile-editable="1" profile-required="0" register-editable="1" register-required="0" member-list-displayed="0">
            <type checked="1"/>
        </attributekey>
        <attributekey handle="width" name="幅" package="" searchable="1" indexed="1" type="number" category="file"/>
        <attributekey handle="height" name="高さ" package="" searchable="1" indexed="1" type="number" category="file"/>
    </attributekeys>
    <attributesets>
        <attributeset handle="page_header" name="ページヘッダー" package="" locked="0" category="collection">
            <attributekey handle="meta_title"/>
            <attributekey handle="meta_description"/>
            <attributekey handle="meta_keywords"/>
            <attributekey handle="header_extra_content"/>
        </attributeset>
        <attributeset handle="navigation" name="ナビゲーション＆インデックス" package="" locked="0" category="collection">
            <attributekey handle="exclude_nav"/>
            <attributekey handle="exclude_page_list"/>
            <attributekey handle="exclude_search_index"/>
            <attributekey handle="exclude_sitemapxml"/>
            <attributekey handle="tags"/>
        </attributeset>
    </attributesets>

</concrete5-cif>
