<?xml version="1.0"?>
<concrete5-cif version="1.0">
    <singlepages>
        <page name="管理画面" path="/dashboard" filename="/dashboard/view.php" pagetype="" description="" package="" root="true" />
        <page name="コンポーザー" path="/dashboard/composer" filename="/dashboard/composer/view.php" pagetype="" description="サイトを開く" package="">
			<attributes>
				<attributekey handle="meta_keywords">
					<value>blog, blogging</value>
				</attributekey>
			</attributes>
        </page>
        <page name="書く" path="/dashboard/composer/write" filename="/dashboard/composer/write.php" pagetype="" description="" package="">
			<attributes>
				<attributekey handle="meta_keywords">
					<value>new blog, write blog</value>
				</attributekey>
			</attributes>
        </page>
        <page name="下書き" path="/dashboard/composer/drafts" filename="/dashboard/composer/drafts.php" pagetype="" description="" package="">
			<attributes>
				<attributekey handle="meta_keywords">
					<value>blog drafts,composer</value>
				</attributekey>
			</attributes>
        </page>
        <page name="サイトマップ" path="/dashboard/sitemap" filename="/dashboard/sitemap/view.php" pagetype="" description="サイトの全体図" package="">
			<attributes>
				<attributekey handle="meta_keywords">
					<value>pages, add page, delete page, copy, move, alias</value>
				</attributekey>
			</attributes>
        </page>
        <page name="フルサイトマップ" path="/dashboard/sitemap/full" filename="/dashboard/sitemap/full.php" pagetype="" description="" package="">
			<attributes>
				<attributekey handle="meta_keywords">
					<value>pages, add page, delete page, copy, move, alias</value>
				</attributekey>
			</attributes>
        </page>
        <page name="フラットビュー" path="/dashboard/sitemap/explore" filename="/dashboard/sitemap/explore.php" pagetype="" description="" package="">
			<attributes>
				<attributekey handle="meta_keywords">
					<value>pages, add page, delete page, copy, move, alias</value>
				</attributekey>
			</attributes>
        </page>
        <page name="ページ検索" path="/dashboard/sitemap/search" filename="/dashboard/sitemap/search.php" pagetype="" description="" package="">
			<attributes>
				<attributekey handle="meta_keywords">
					<value>find page, search page, search, find</value>
				</attributekey>
			</attributes>
        </page>
        <page name="ファイル" path="/dashboard/files" filename="/dashboard/files/view.php" pagetype="" description="すべてのドキュメントと画像" package=""/>
        <page name="ファイルマネージャー" path="/dashboard/files/search" filename="/dashboard/files/search.php" pagetype="" description="" package="">
			<attributes>
				<attributekey handle="meta_keywords">
					<value>files, add file, delete file, copy, move, alias</value>
				</attributekey>
			</attributes>
        </page>
        <page name="属性" path="/dashboard/files/attributes" filename="/dashboard/files/attributes.php" pagetype="" description="" package="">
			<attributes>
				<attributekey handle="meta_keywords">
					<value>file, file attributes</value>
				</attributekey>
			</attributes>
        </page>
        <page name="ファイルセット" path="/dashboard/files/sets" filename="/dashboard/files/sets.php" pagetype="" description="" package="">
			<attributes>
				<attributekey handle="meta_keywords">
					<value>files, category, categories</value>
				</attributekey>
			</attributes>
        </page>
        <page name="ファイルセットを追加" path="/dashboard/files/add_set" filename="/dashboard/files/add_set.php" pagetype="" description="" package="">
			<attributes>
				<attributekey handle="exclude_nav">
					<value><![CDATA[1]]></value>
				</attributekey>
			</attributes>
			<attributes>
				<attributekey handle="meta_keywords">
					<value>new file set</value>
				</attributekey>
			</attributes>
        </page>
        <page name="メンバー" path="/dashboard/users" filename="/dashboard/users/view.php" pagetype="" description="ユーザーアカウントの追加と管理、ユーザーグループ" package="">
			<attributes>
				<attributekey handle="meta_keywords">
					<value>users, groups, people</value>
				</attributekey>
			</attributes>
        </page>
        <page name="ユーザー検索" path="/dashboard/users/search" filename="/dashboard/users/search.php" pagetype="" description="" package="">
			<attributes>
				<attributekey handle="meta_keywords">
					<value>find, search, people</value>
				</attributekey>
			</attributes>
        </page>
        <page name="ユーザーグループ" path="/dashboard/users/groups" filename="/dashboard/users/groups.php" pagetype="" description="" package="">
			<attributes>
				<attributekey handle="meta_keywords">
					<value>user, group, people</value>
				</attributekey>
			</attributes>
        </page>
        <page name="属性" path="/dashboard/users/attributes" filename="/dashboard/users/attributes.php" pagetype="" description="" package="">
			<attributes>
				<attributekey handle="meta_keywords">
					<value>user attributes</value>
				</attributekey>
			</attributes>
        </page>
        <page name="ユーザーを追加" path="/dashboard/users/add" filename="/dashboard/users/add.php" pagetype="" description="" package="">
			<attributes>
				<attributekey handle="meta_keywords">
					<value>new user</value>
				</attributekey>
			</attributes>
        </page>
        <page name="グループを追加" path="/dashboard/users/add_group" filename="/dashboard/users/add_group.php" pagetype="" description="" package="">
			<attributes>
				<attributekey handle="meta_keywords">
					<value>new user group, new group, group</value>
				</attributekey>
			</attributes>
        </page>
        <page name="レポート" path="/dashboard/reports" filename="/dashboard/reports.php" pagetype="" description="フォームやログの情報を閲覧" package="">
			<attributes>
				<attributekey handle="meta_keywords">
					<value>forms, log, error, email, mysql, exception, survey</value>
				</attributekey>
			</attributes>
        </page>
        <page name="アクセス解析" path="/dashboard/reports/statistics" filename="/dashboard/reports/statistics.php" pagetype="" description="サイトのアクティビティーを表示" package="">
			<attributes>
				<attributekey handle="meta_keywords">
					<value>hits, pageviews, visitors, activity</value>
				</attributekey>
			</attributes>
        </page>
        <page name="フォーム一覧" path="/dashboard/reports/forms" filename="/dashboard/reports/forms.php" pagetype="" description="問い合わせデータを表示" package="">
			<attributes>
				<attributekey handle="meta_keywords">
					<value>forms, questions</value>
				</attributekey>
			</attributes>
        </page>
        <page name="アンケート" path="/dashboard/reports/surveys" filename="/dashboard/reports/surveys.php" pagetype="" description="" package="">
			<attributes>
				<attributekey handle="meta_keywords">
					<value>survey, questions, quiz</value>
				</attributekey>
			</attributes>
        </page>
        <page name="ログ" path="/dashboard/reports/logs" filename="/dashboard/reports/logs.php" pagetype="" description="" package="">
			<attributes>
				<attributekey handle="meta_keywords">
					<value>forms, log, error, email, mysql, exception, survey</value>
				</attributekey>
			</attributes>
        </page>
        <page name="ページ &amp; テーマ" path="/dashboard/pages" filename="/dashboard/pages/view.php" pagetype="" description="デザイン管理" package="">
			<attributes>
				<attributekey handle="meta_keywords">
					<value>page types, themes, single pages</value>
				</attributekey>
			</attributes>
        </page>
        <page name="テーマ" path="/dashboard/pages/themes" filename="/dashboard/pages/themes/view.php" pagetype="" description="デザイン管理" package="">
			<attributes>
				<attributekey handle="meta_keywords">
					<value>new theme, theme, active theme, change theme, template, css</value>
				</attributekey>
			</attributes>
        </page>
        <page name="追加" path="/dashboard/pages/themes/add" filename="/dashboard/pages/themes/add.php" pagetype="" description="" package="">
			<attributes>
				<attributekey handle="meta_keywords">
					<value>add theme</value>
				</attributekey>
			</attributes>
        </page>
        <page name="検査" path="/dashboard/pages/themes/inspect" filename="/dashboard/pages/themes/inspect.php" pagetype="" description="" package=""/>
        <page name="カスタマイズ" path="/dashboard/pages/themes/customize" filename="/dashboard/pages/themes/customize.php" pagetype="" description="" package="">
			<attributes>
				<attributekey handle="meta_keywords">
					<value>custom theme, change theme, custom css, css</value>
				</attributekey>
			</attributes>
        </page>
        <page name="ページタイプ" path="/dashboard/pages/types" filename="/dashboard/pages/types/view.php" pagetype="" description="ページレイアウト" package="">
			<attributes>
				<attributekey handle="meta_keywords">
					<value>page type defaults, global block, global area</value>
				</attributekey>
			</attributes>
        </page>
		<page name="ページタイプを追加" path="/dashboard/pages/types/add" filename="/dashboard/pages/types/add.php" pagetype="" description="サイトにページタイプを追加" package=""/>
        <page name="属性" path="/dashboard/pages/attributes" filename="/dashboard/pages/attributes.php" pagetype="" description="" package="">
			<attributes>
				<attributekey handle="meta_keywords">
					<value>page attributes</value>
				</attributekey>
			</attributes>
        </page>
        <page name="シングルページ" path="/dashboard/pages/single" filename="/dashboard/pages/single.php" pagetype="" description="" package=""/>        
        <page name="スタック &amp; ブロック" path="/dashboard/blocks" filename="/dashboard/blocks/view.php" pagetype="" description="サイト全体のコンテンツと管理者ブロックタイプの管理" package="" />
        <page name="スタック" path="/dashboard/blocks/stacks" filename="/dashboard/blocks/stacks/view.php" pagetype="" description="サイト内でコンテンツを共有" package="" />
        <page name="スタック一覧" path="/dashboard/blocks/stacks/list" filename="/dashboard/blocks/stacks/list/view.php" pagetype="" description="" package="">
			<attributes>
				<attributekey handle="exclude_nav">
					<value><![CDATA[1]]></value>
				</attributekey>
				<attributekey handle="exclude_search_index">
					<value><![CDATA[1]]></value>
				</attributekey>
			</attributes>
			<attributes>
				<attributekey handle="meta_keywords">
					<value>edit stacks, view stacks, all stacks</value>
				</attributekey>
			</attributes>
        </page>
        <page name="ブロックタイプ" path="/dashboard/blocks/types" filename="/dashboard/blocks/types/view.php" pagetype="" description="インストールされたブロックタイプを管理" package=""/>
    	
        <page name="concrete5を拡張" path="/dashboard/extend" filename="/dashboard/extend/view.php" pagetype="" description="concrete5マーケットプレイスに接続し、カスタムアドオンをインストール、またはアップデートをダウンロード" package="">
			<attributes>
				<attributekey handle="exclude_nav">
					<value><![CDATA[1]]></value>
				</attributekey>
			</attributes>
			<attributes>
				<attributekey handle="meta_keywords">
					<value>add-on, addon, add on, package,applications, ecommerce, discussions, forums, themes, templates, blocks</value>
				</attributekey>
			</attributes>
        </page>
        <page name="管理画面" path="/dashboard/news" filename="/dashboard/news.php" pagetype="" description="" package="">
			<attributes>
				<attributekey handle="exclude_nav">
					<value><![CDATA[1]]></value>
				</attributekey>
			</attributes>
			<attributes>
				<attributekey handle="exclude_search_index">
					<value><![CDATA[1]]></value>
				</attributekey>
			</attributes>
        </page>
        <page name="機能追加" path="/dashboard/extend/install" filename="/dashboard/extend/install.php" pagetype="" description="アドオン・テーマをインストール" package="">
			<attributes>
				<attributekey handle="meta_keywords">
					<value>add-on, addon, ecommerce, install, discussions, forums, themes, templates, blocks</value>
				</attributekey>
			</attributes>
        </page>
        <page name="アドオンをアップデート" path="/dashboard/extend/update" filename="/dashboard/extend/update.php" pagetype="" description="インストールされたパッケージをアップデート" package="">
			<attributes>
				<attributekey handle="meta_keywords">
					<value>update, upgrade</value>
				</attributekey>
			</attributes>
        </page>
        <page name="コミュニティに接続" path="/dashboard/extend/connect" filename="/dashboard/extend/connect.php" pagetype="" description="concrete5コミュニティに接続" package="" >
			<attributes>
				<attributekey handle="meta_keywords">
					<value>concrete5.org, my account, marketplace</value>
				</attributekey>
			</attributes>
        </page>
        <page name="テーマを入手" path="/dashboard/extend/themes" filename="/dashboard/extend/themes.php" pagetype="" description="concrete5.orgからテーマをダウンロード" package="">
			<attributes>
				<attributekey handle="meta_keywords">
					<value>buy theme, new theme, marketplace, template</value>
				</attributekey>
			</attributes>
        </page>
        <page name="アドオンを入手" path="/dashboard/extend/add-ons" filename="/dashboard/extend/add_ons.php" pagetype="" description="concrete5.orgからアドオンをダウンロード" package="">
			<attributes>
				<attributekey handle="meta_keywords">
					<value>buy addon, buy add on, buy add-on, purchase addon, purchase add on, purchase add-on, find addon, new addon, marketplace</value>
				</attributekey>
			</attributes>
        </page>
        <page name="システム &amp; 設定" path="/dashboard/system" filename="/dashboard/system/view.php" pagetype="" description="お使いのサイトの設定を行なう" package="">
			<attributes>
				<attributekey handle="exclude_nav">
					<value><![CDATA[1]]></value>
				</attributekey>
			</attributes>
			<attributes>
				<attributekey handle="meta_keywords">
					<value>dashboard,configuration</value>
				</attributekey>
			</attributes>
        </page>
		  <page name="基本" path="/dashboard/system/basics" filename="/dashboard/system/basics/view.php" pagetype="" description="ウェブサイトの基本情報" package=""/>
        <page name="サイト名" path="/dashboard/system/basics/site_name" filename="/dashboard/system/basics/site_name.php" pagetype="" description="" package="">
			<attributes>
				<attributekey handle="meta_keywords">
					<value>website name</value>
				</attributekey>
			</attributes>
        </page>
        <page name="ブックマークアイコン" path="/dashboard/system/basics/icons" filename="/dashboard/system/basics/icons.php" pagetype="" description="Bookmark icon and mobile home screen icon setup." package="">
			<attributes>
				<attributekey handle="meta_keywords">
					<value>logo, favicon, iphone</value>
				</attributekey>
			</attributes>
        </page>
        <page name="記事ブロックエディター設定" path="/dashboard/system/basics/editor" filename="/dashboard/system/basics/editor.php" pagetype="" description="" package="">
			<attributes>
				<attributekey handle="meta_keywords">
					<value>tinymce, content block, fonts, editor</value>
				</attributekey>
			</attributes>
        </page>
        <page name="言語" path="/dashboard/system/basics/multilingual" filename="/dashboard/system/basics/multilingual/view.php" pagetype="" description="" package="">
			<attributes>
				<attributekey handle="meta_keywords">
					<value>translate, translation</value>
				</attributekey>
			</attributes>
        </page>
        <page name="タイムゾーン" path="/dashboard/system/basics/timezone" filename="/dashboard/system/basics/timezone.php" pagetype="" description="" package="">
			<attributes>
				<attributekey handle="meta_keywords">
					<value>timezone</value>
				</attributekey>
			</attributes>
        </page>
        <page name="インターフェイス設定" path="/dashboard/system/basics/interface" filename="/dashboard/system/basics/interface.php" pagetype="" description="" package="">
			<attributes>
				<attributekey handle="meta_keywords">
					<value>interface, quick nav, dashboard background, background image</value>
				</attributekey>
			</attributes>
        </page>

        <page name="SEO &amp; アクセス解析" path="/dashboard/system/seo" filename="/dashboard/system/seo/view.php" pagetype="" description="プリティURLを有効化、アクセス解析とアクセス解析コード" package=""/>
        <page name="プリティURL" path="/dashboard/system/seo/urls" filename="/dashboard/system/seo/urls.php" pagetype="" description="" package="">
			<attributes>
				<attributekey handle="meta_keywords">
					<value>vanity, pretty url, seo</value>
				</attributekey>
			</attributes>
        </page>
        <page name="アクセス解析コード" path="/dashboard/system/seo/tracking_codes" filename="/dashboard/system/seo/tracking_codes.php" pagetype="" description="" package="">
			<attributes>
				<attributekey handle="meta_keywords">
					<value>traffic, statistics, google analytics, quant</value>
				</attributekey>
			</attributes>
        </page>
        <page name="アクセス解析" path="/dashboard/system/seo/statistics" filename="/dashboard/system/seo/statistics.php" pagetype="" description="" package="">
			<attributes>
				<attributekey handle="meta_keywords">
					<value>turn off statistics</value>
				</attributekey>
			</attributes>
        </page>
        <page name="検索インデックス" path="/dashboard/system/seo/search_index" filename="/dashboard/system/seo/search_index.php" pagetype="" description="" package="">
			<attributes>
				<attributekey handle="meta_keywords">
					<value>configure search, site search, search option</value>
				</attributekey>
			</attributes>
        </page>
        <page name="最適化" path="/dashboard/system/optimization" filename="/dashboard/system/optimization/view.php" pagetype="" description="サイトの最適化" package=""/>
        <page name="キャッシュ &amp; スピード設定" path="/dashboard/system/optimization/cache" filename="/dashboard/system/optimization/cache.php" pagetype="" description="" package="">
			<attributes>
				<attributekey handle="meta_keywords">
					<value>cache option, change cache, turn on cache, turn off cache, no cache, page cache, caching</value>
				</attributekey>
			</attributes>
        </page>
        <page name="キャッシュをクリア" path="/dashboard/system/optimization/clear_cache" filename="/dashboard/system/optimization/clear_cache.php" pagetype="" description="" package="">
			<attributes>
				<attributekey handle="meta_keywords">
					<value>cache option, turn off cache, no cache, page cache, caching</value>
				</attributekey>
			</attributes>
        </page>
        <page name="自動実行ジョブ" path="/dashboard/system/optimization/jobs" filename="/dashboard/system/optimization/jobs.php" pagetype="" description="" package="">
			<attributes>
				<attributekey handle="meta_keywords">
					<value>index search, reindex search, build sitemap, sitemap.xml, clear old versions, page versions, remove old</value>
				</attributekey>
			</attributes>
        </page>

        <page name="権限 &amp; アクセス" path="/dashboard/system/permissions" filename="/dashboard/system/permissions/view.php" pagetype="" description="誰がサイトを閲覧・編集できるかをコントロール" package=""/>
        <page name="サイトアクセス" path="/dashboard/system/permissions/site" filename="/dashboard/system/permissions/site.php" pagetype="" description="" package="">
			<attributes>
				<attributekey handle="meta_keywords">
					<value>editors, hide site, offline, private, public</value>
				</attributekey>
			</attributes>
        </page>
        <page name="ファイルマネージャー権限" path="/dashboard/system/permissions/files" filename="/dashboard/system/permissions/file.php" pagetype="" description="" package="">
			<attributes>
				<attributekey handle="meta_keywords">
					<value>file options, file manager</value>
				</attributekey>
			</attributes>
        </page>
        <page name="許可されたファイル拡張子" path="/dashboard/system/permissions/file_types" filename="/dashboard/system/permissions/file_types.php" pagetype="" description="" package="">
			<attributes>
				<attributekey handle="meta_keywords">
					<value>security, files, media </value>
				</attributekey>
			</attributes>
        </page>
        <page name="タスク権限" path="/dashboard/system/permissions/tasks" filename="/dashboard/system/permissions/tasks.php" pagetype="" description="" package="">
			<attributes>
				<attributekey handle="meta_keywords">
					<value>security, users, actions, administrator, admin</value>
				</attributekey>
			</attributes>
        </page>
        <page name="IPブラックリスト" path="/dashboard/system/permissions/ip_blacklist" filename="/dashboard/system/permissions/ip_blacklist.php" pagetype="" description="" package="">
			<attributes>
				<attributekey handle="meta_keywords">
					<value>security, lock ip, lock out, block ip</value>
				</attributekey>
			</attributes>
        </page>
        <page name="Captcha設定" path="/dashboard/system/permissions/captcha" filename="/dashboard/system/permissions/captcha.php" pagetype="" description="" package="">
			<attributes>
				<attributekey handle="meta_keywords">
					<value>security, registration</value>
				</attributekey>
			</attributes>
        </page>
        <page name="スパムコントロール" path="/dashboard/system/permissions/antispam" filename="/dashboard/system/permissions/antispam.php" pagetype="" description="" package="">
			<attributes>
				<attributekey handle="meta_keywords">
					<value>antispam, block spam, security</value>
				</attributekey>
			</attributes>
        </page>
        <page name="メンテナンスモード" path="/dashboard/system/permissions/maintenance_mode" filename="/dashboard/system/permissions/maintenance_mode.php" pagetype="" description="" package="">
			<attributes>
				<attributekey handle="meta_keywords">
					<value>lock site, under construction</value>
				</attributekey>
			</attributes>
        </page>

		  <page name="ログイン &amp; 登録" path="/dashboard/system/registration" filename="/dashboard/system/registration/view.php" pagetype="" description="ログインの挙動を変更して、パブリックプロファイルをセットアップします。" package=""/>
        <page name="ログイン後スタートページ" path="/dashboard/system/registration/postlogin" filename="/dashboard/system/registration/postlogin.php" pagetype="" description="" package="">
			<attributes>
				<attributekey handle="meta_keywords">
					<value>profile</value>
				</attributekey>
			</attributes>
        </page>
        <page name="公開プロフィール" path="/dashboard/system/registration/profiles" filename="/dashboard/system/registration/profiles.php" pagetype="" description="" package="">
			<attributes>
				<attributekey handle="meta_keywords">
					<value>member profile, member page,community</value>
				</attributekey>
			</attributes>
        </page>
        <page name="ユーザー登録の公開" path="/dashboard/system/registration/public_registration" filename="/dashboard/system/registration/public_registration.php" pagetype="" description="" package="">
			<attributes>
				<attributekey handle="meta_keywords">
					<value>signup, new user, community</value>
				</attributekey>
			</attributes>
        </page>

        <page name="Eメール" path="/dashboard/system/mail" filename="/dashboard/system/mail/view.php" pagetype="" description="サイトがどのようにメールを送信・処理するかをコントロール" package="">
			<attributes>
				<attributekey handle="meta_keywords">
					<value>smtp, mail settings</value>
				</attributekey>
			</attributes>
        </page>
        <page name="SMTP メール送信方法" path="/dashboard/system/mail/method" filename="/dashboard/system/mail/method.php" pagetype="" description="" package="">
			<attributes>
				<attributekey handle="meta_keywords">
					<value>email server, mail settings, mail configuration</value>
				</attributekey>
			</attributes>
        </page>
        <page name="メール・インポーター" path="/dashboard/system/mail/importers" filename="/dashboard/system/mail/importers.php" pagetype="" description="" package="">
			<attributes>
				<attributekey handle="meta_keywords">
					<value>email server, mail settings, mail configuration, private message, message system</value>
				</attributekey>
			</attributes>
        </page>

        <page name="属性" path="/dashboard/system/attributes" filename="/dashboard/system/attributes/view.php" pagetype="" description="ページ・ユーザー・ファイル・その他の属性を設定" package="">
			<attributes>
				<attributekey handle="meta_keywords">
					<value>attribute configuration</value>
				</attributekey>
			</attributes>
        </page>
        <page name="セット" path="/dashboard/system/attributes/sets" filename="/dashboard/system/attributes/sets.php" pagetype="" description="属性をセットにグループ化して管理しやすく" package=""/>
        <page name="タイプ" path="/dashboard/system/attributes/types" filename="/dashboard/system/attributes/types.php" pagetype="" description="どの属性がどこで利用可能かを選択" package=""/>

        <page name="サーバー設定一覧" path="/dashboard/system/environment" filename="/dashboard/system/environment/view.php" pagetype="" description="デベロッパー向けの設定" package="">
			<attributes>
				<attributekey handle="exclude_search_index">
					<value><![CDATA[1]]></value>
				</attributekey>
			</attributes>
        </page>
        <page name="環境情報" path="/dashboard/system/environment/info" filename="/dashboard/system/environment/info.php" pagetype="" description="" package="">
			<attributes>
				<attributekey handle="meta_keywords">
					<value>overrides, system info, debug, support,help</value>
				</attributekey>
			</attributes>
        </page>
        <page name="デバッグ設定" path="/dashboard/system/environment/debug" filename="/dashboard/system/environment/debug.php" pagetype="" description="" package="">
			<attributes>
				<attributekey handle="meta_keywords">
					<value>errors,exceptions, develop, support, help</value>
				</attributekey>
			</attributes>
        </page>
        <page name="ログ設定" path="/dashboard/system/environment/logging" filename="/dashboard/system/environment/logging.php" pagetype="" description="" package="">
			<attributes>
				<attributekey handle="meta_keywords">
					<value>logs, email, error, exceptions</value>
				</attributekey>
			</attributes>
        </page>
        <page name="ファイル保存場所" path="/dashboard/system/environment/file_storage_locations" filename="/dashboard/system/environment/file_storage_locations.php" pagetype="" description="" package="">
			<attributes>
				<attributekey handle="meta_keywords">
					<value>security, alternate storage, hide files</value>
				</attributekey>
			</attributes>
        </page>
        
        <page name="DB バックアップ &amp; 復元" path="/dashboard/system/backup_restore" filename="/dashboard/system/backup_restore/view.php" pagetype="" description="バックアップ・復旧" package=""/>
        <page name="データベースバックアップ" path="/dashboard/system/backup_restore/backup" filename="/dashboard/system/backup_restore/backup.php" pagetype="" description="" package=""/>
        <page name="concrete5をアップデート" path="/dashboard/system/backup_restore/update" filename="/dashboard/system/backup_restore/update.php" pagetype="" description="" package="">
			<attributes>
				<attributekey handle="meta_keywords">
					<value>upgrade, new version</value>
				</attributekey>
			</attributes>
        </page>
        <page name="データベースXML" path="/dashboard/system/backup_restore/database" filename="/dashboard/system/backup_restore/database.php" pagetype="" description="" package=""/>

	

        <page name="コンポーザー" path="/dashboard/pages/types/composer" filename="/dashboard/pages/types/composer.php" pagetype="" description="" package=""/>
    </singlepages>
    <pagetypes>
        <pagetype handle="core_stack" name="スタック" internal="1" package="" />
        <pagetype handle="dashboard_primary_five" name="ダッシュボード メイン + 5" internal="1" package="" />
        <pagetype handle="dashboard_header_four_col" name="ダッシュボード ヘッダー + 4カラム" internal="1" package="" />
    </pagetypes>
    <pages>
    	<page name="concrete5へようこそ" path="/dashboard/welcome" filename="" description="concrete5の使い方、開発のヘルプを見る" pagetype="dashboard_header_four_col">
			<attributes>
				<attributekey handle="exclude_nav">
					<value><![CDATA[1]]></value>
				</attributekey>
			</attributes>
			<area name="Header">
				<block type="content" name="">
					<data table="btContentLocal">
						<record>
						<content><![CDATA[	<div id="newsflow-header-first-run"><h1>concrete5へようこそ。</h1>
						<h2>直感的な操作で簡単にコンテンツの編集・ページの追加ができます。</h2></div>
						]]></content>
						</record>
					</data>
				</block>
			</area>
			<area name="Column 1">
				<block type="content" name="">
					<data table="btContentLocal">
						<record>
						<content><![CDATA[<div class="newsflow-column-first-run">
							<h3>オリジナルのサイトを作る</h3>
							<p>concrete5で編集を行うのは簡単です。マウスでクリックして変更するだけです。</p>
							<br/>
							<p><a href="javascript:void(0)" onclick="ccm_getNewsflowByPath('/welcome/editors')" class="btn primary">エディターズガイド</a></p>
							</div>]]></content>
						</record>
					</data>
				</block>
			</area>
			<area name="Column 2">
				<block type="content" name="">
					<data table="btContentLocal">
						<record>
						<content><![CDATA[<div class="newsflow-column-first-run">
							<h3>アプリケーションを開発</h3>
							<p>PHPに慣れている方なら、concrete5について学ぶのは簡単です。数分あればアーキテクチャについて理解できるでしょう。</p>
							<p><a href="javascript:void(0)" onclick="ccm_getNewsflowByPath('/welcome/developers')" class="btn primary">デベロッパーズガイド</a></p>
							</div>]]></content>
						</record>
					</data>
				</block>
			</area>
			<area name="Column 3">
				<block type="content" name="">
					<data table="btContentLocal">
						<record>
						<content><![CDATA[<div class="newsflow-column-first-run">
							<h3>ウェブサイトをデザイン</h3>
							<p>CSSとHTMLが得意ですか？concrete5のテーマは簡単に作成できます。</p>
							<br/>
							<p><a href="javascript:void(0)" onclick="ccm_getNewsflowByPath('/welcome/designers')" class="btn primary">デザイナーズガイド</a></p>
							</div>]]></content>
						</record>
					</data>
				</block>
			</area>
			<area name="Column 4">
				<block type="content" name="">
					<data table="btContentLocal">
						<record>
						<content><![CDATA[
						<div class="newsflow-column-first-run">
						<h3>商用利用</h3>
						<p>ライセンス形態やロゴの使用について、またはconcrete5がなぜ制作会社にとって最適なのかご存知ですか？</p>
						<p><a href="javascript:void(0)" onclick="ccm_getNewsflowByPath('/welcome/executives')" class="btn primary">エグゼクティブガイド</a></p>
						</div>]]></content>
						</record>
					</data>
				</block>
			</area>
    	</page>
    	
    	<page name="カスタマイズ管理画面ホーム" path="/dashboard/home" filename="" pagetype="dashboard_primary_five" description="" package="">
			<attributes>
				<attributekey handle="exclude_nav">
					<value><![CDATA[1]]></value>
				</attributekey>
				<attributekey handle="exclude_search_index">
					<value><![CDATA[1]]></value>
				</attributekey>
			</attributes>
			<area name="Primary">
				<block type="dashboard_app_status" name=""/>
				<block type="dashboard_site_activity" name=""/>
			</area>
			<area name="Secondary 1">
				<block type="dashboard_newsflow_latest" name="">
					<data table="btDashboardNewsflowLatest">
						<record>
							<slot>A</slot>
						</record>
					</data>
				</block>
			</area>
			<area name="Secondary 2">
				<block type="dashboard_newsflow_latest" name="">
					<data table="btDashboardNewsflowLatest">
						<record>
							<slot>B</slot>
						</record>
					</data>
				</block>
			</area>
			<area name="Secondary 3">
				<block type="dashboard_featured_theme" name=""/>
			</area>
			<area name="Secondary 4">
				<block type="dashboard_featured_addon" name=""/>
			</area>
			<area name="Secondary 5">
				<block type="dashboard_newsflow_latest" name="">
					<data table="btDashboardNewsflowLatest">
						<record>
							<slot>C</slot>
						</record>
					</data>
				</block>
			</area>
		</page>
      </pages>
</concrete5-cif>
