<?xml version="1.0"?>
<concrete5-cif version="1.0">

    <singlepages>
        <page name="下書き" path="/!drafts" filename="/!drafts/view.php" pagetype="" description="" package="" root="true" />
        <page name="ゴミ箱" path="/!trash" filename="/!trash/view.php" pagetype="" description="" package="" root="true" />
        <page name="スタック" path="/!stacks" filename="/!stacks/view.php" pagetype="" description="" package="" root="true" />
        <page name="ログイン" path="/login" filename="/login.php" pagetype="" description="" package="" root="true" />
        <page name="登録" path="/register" filename="/register.php" pagetype="" description="" package="" root="true" />
        <page name="プロフィール" path="/profile" filename="/profile/view.php" pagetype="" description="" package="" />
        <page name="編集" path="/profile/edit" filename="/profile/edit.php" pagetype="" description="" package="" />
        <page name="プロフィール画像" path="/profile/avatar" filename="/profile/avatar.php" pagetype="" description="" package="" />
        <page name="メッセージ" path="/profile/messages" filename="/profile/messages.php" pagetype="" description="" package="" />
        <page name="マイフレンド" path="/profile/friends" filename="/profile/friends.php" pagetype="" description="" package=""/>
        <page name="Page Not Found （ページが見つかりません）" path="/page_not_found" filename="/page_not_found.php" pagetype="" description="" package="" root="true" >
            <area name="Main"/>
        </page>
        <page name="Page Forbidden（アクセス禁止）" path="/page_forbidden" filename="/page_forbidden.php" pagetype="" description="" package="" root="true" />
		<page name="ダウンロードファイル" path="/download_file" filename="/download_file.php" pagetype="" description="" package=""/>
        <page name="メンバー" path="/members" filename="/members.php" pagetype="" description="" package=""/>

    </singlepages>

</concrete5-cif>
