<?xml version="1.0"?>
<concrete5-cif version="1.0">
    <taskpermissions>
        <taskpermission handle="access_task_permissions" name="タスク権限を変更" description="" package="">
            <access>
                <group name="管理者"/>
            </access>
        </taskpermission>
        <taskpermission handle="access_sitemap" name="サイトマップ・ページ検索へのアクセス" description="" package="">
            <access>
                <group name="管理者"/>
            </access>
        </taskpermission>
        <taskpermission handle="access_user_search" name="ユーザー検索へのアクセス" description="" package="">
            <access>
                <group name="管理者"/>
            </access>
        </taskpermission>
        <taskpermission handle="access_group_search" name="グループ検索へのアクセス" description="" package="">
            <access>
                <group name="管理者"/>
            </access>
        </taskpermission>
        <taskpermission handle="access_page_defaults" name="ページタイプのデフォルトの変更" description="" package="">
            <access>
                <group name="管理者"/>
            </access>
        </taskpermission>
        <taskpermission handle="backup" name="完全データベースバックアップの実行" description="" package="">
            <access>
                <group name="管理者"/>
            </access>
        </taskpermission>
        <taskpermission handle="sudo" name="ユーザーとしてログイン" description="" package=""/>
        <taskpermission handle="uninstall_packages" name="パッケージのアンインストール" description="" package="">
            <access>
                <group name="管理者"/>
            </access>
        </taskpermission>
        <taskpermission handle="install_packages" name="パッケージのインストール・マーケットプレイスへの接続" description="" package="">
            <access>
                <group name="管理者"/>
            </access>
        </taskpermission>
        <taskpermission handle="delete_user" name="ユーザーの削除" description="" package="">
            <access>
                <group name="管理者"/>
            </access>
        </taskpermission>
        <taskpermission handle="view_newsflow" name="ニュースフローをオーバーレイで表示" description="" package="">
            <access>
                <group name="管理者"/>
            </access>
        </taskpermission>
    </taskpermissions>
	<systemcaptcha>
		<library handle="securimage" name="SecurImage (Default)" package="" activated="1"/>
	</systemcaptcha>
</concrete5-cif>
